{
    "Light": {
        "Transform": {
            "pos": [
                4.076245307922363,
                1.0054539442062378,
                5.903861999511719
            ],
            "rot": [
                0.6503279805183411,
                0.055217113345861435,
                1.8663908243179321
            ],
            "scale": [
                1.0,
                1.0,
                1.0
            ]
        }
    },
    "Camera": {
        "Transform": {
            "pos": [
                7.358891487121582,
                -6.925790786743164,
                4.958309173583984
            ],
            "rot": [
                1.1093189716339111,
                0.0,
                0.8149281740188599
            ],
            "scale": [
                1.0,
                1.0,
                1.0
            ]
        }
    },
    "Sphere": {
        "Transform": {
            "pos": [
                0.0,
                0.0,
                0.0
            ],
            "rot": [
                0.0,
                0.0,
                0.0
            ],
            "scale": [
                1.0,
                1.0,
                1.0
            ]
        }
    },
    "Cube": {
        "Transform": {
            "pos": [
                0.0,
                2.570729970932007,
                0.0
            ],
            "rot": [
                0.0,
                0.0,
                0.0
            ],
            "scale": [
                1.0,
                1.0,
                1.0
            ]
        }
    }
}